연도,시도,시군구,읍면동,연령별(세),1인가구,남,여,기준일자
2010,강원도,강릉시,주문진읍,20세 미만,278,170,108,2022-05-26
2010,강원도,강릉시,주문진읍,20~24,135,85,50,2022-05-26
2010,강원도,강릉시,주문진읍,25~29,151,84,67,2022-05-26
2010,강원도,강릉시,주문진읍,30~34,214,140,74,2022-05-26
2010,강원도,강릉시,주문진읍,35~39,308,183,125,2022-05-26
2010,강원도,강릉시,주문진읍,40~44,451,264,187,2022-05-26
2010,강원도,강릉시,주문진읍,45~49,525,300,225,2022-05-26
2010,강원도,강릉시,주문진읍,50~54,637,305,332,2022-05-26
2010,강원도,강릉시,주문진읍,55~59,550,223,327,2022-05-26
2010,강원도,강릉시,주문진읍,60~64,412,136,276,2022-05-26
2010,강원도,강릉시,주문진읍,65~69,413,94,319,2022-05-26
2010,강원도,강릉시,주문진읍,70~74,323,50,273,2022-05-26
2010,강원도,강릉시,주문진읍,75~79,145,21,124,2022-05-26
2010,강원도,강릉시,주문진읍,80~84,63,9,54,2022-05-26
2010,강원도,강릉시,주문진읍,85세 이상,14,2,12,2022-05-26
2015,강원도,강릉시,주문진읍,20세 미만,111,69,42,2022-05-26
2015,강원도,강릉시,주문진읍,20~24,168,102,66,2022-05-26
2015,강원도,강릉시,주문진읍,25~29,135,85,50,2022-05-26
2015,강원도,강릉시,주문진읍,30~34,151,84,67,2022-05-26
2015,강원도,강릉시,주문진읍,35~39,214,140,74,2022-05-26
2015,강원도,강릉시,주문진읍,40~44,308,183,125,2022-05-26
2015,강원도,강릉시,주문진읍,45~49,451,264,187,2022-05-26
2015,강원도,강릉시,주문진읍,50~54,525,300,225,2022-05-26
2015,강원도,강릉시,주문진읍,55~59,637,305,332,2022-05-26
2015,강원도,강릉시,주문진읍,60~64,550,223,327,2022-05-26
2015,강원도,강릉시,주문진읍,65~69,412,136,276,2022-05-26
2015,강원도,강릉시,주문진읍,70~74,413,94,319,2022-05-26
2015,강원도,강릉시,주문진읍,75~79,323,50,273,2022-05-26
2015,강원도,강릉시,주문진읍,80~84,145,21,124,2022-05-26
2015,강원도,강릉시,주문진읍,85세 이상,77,11,66,2022-05-26
2020,강원도,강릉시,주문진읍,20세 미만,22,17,5,2022-05-26
2020,강원도,강릉시,주문진읍,20~24,90,53,37,2022-05-26
2020,강원도,강릉시,주문진읍,25~29,168,102,66,2022-05-26
2020,강원도,강릉시,주문진읍,30~34,135,85,50,2022-05-26
2020,강원도,강릉시,주문진읍,35~39,151,84,67,2022-05-26
2020,강원도,강릉시,주문진읍,40~44,214,140,74,2022-05-26
2020,강원도,강릉시,주문진읍,45~49,308,183,125,2022-05-26
2020,강원도,강릉시,주문진읍,50~54,451,264,187,2022-05-26
2020,강원도,강릉시,주문진읍,55~59,525,300,225,2022-05-26
2020,강원도,강릉시,주문진읍,60~64,637,305,332,2022-05-26
2020,강원도,강릉시,주문진읍,65~69,550,223,327,2022-05-26
2020,강원도,강릉시,주문진읍,70~74,412,136,276,2022-05-26
2020,강원도,강릉시,주문진읍,75~79,413,94,319,2022-05-26
2020,강원도,강릉시,주문진읍,80~84,323,50,273,2022-05-26
2020,강원도,강릉시,주문진읍,85세 이상,222,32,190,2022-05-26
2010,강원도,강릉시,성산면,20세 미만,42,25,17,2022-05-26
2010,강원도,강릉시,성산면,20~24,20,14,6,2022-05-26
2010,강원도,강릉시,성산면,25~29,13,11,2,2022-05-26
2010,강원도,강릉시,성산면,30~34,21,16,5,2022-05-26
2010,강원도,강릉시,성산면,35~39,48,36,12,2022-05-26
2010,강원도,강릉시,성산면,40~44,65,45,20,2022-05-26
2010,강원도,강릉시,성산면,45~49,94,58,36,2022-05-26
2010,강원도,강릉시,성산면,50~54,90,50,40,2022-05-26
2010,강원도,강릉시,성산면,55~59,69,35,34,2022-05-26
2010,강원도,강릉시,성산면,60~64,71,27,44,2022-05-26
2010,강원도,강릉시,성산면,65~69,72,25,47,2022-05-26
2010,강원도,강릉시,성산면,70~74,66,10,56,2022-05-26
2010,강원도,강릉시,성산면,75~79,47,6,41,2022-05-26
2010,강원도,강릉시,성산면,80~84,10,2,8,2022-05-26
2010,강원도,강릉시,성산면,85세 이상,5,0,5,2022-05-26
2015,강원도,강릉시,성산면,20세 미만,42,25,27,2022-05-26
2015,강원도,강릉시,성산면,20~24,35,21,14,2022-05-26
2015,강원도,강릉시,성산면,25~29,20,14,6,2022-05-26
2015,강원도,강릉시,성산면,30~34,13,11,2,2022-05-26
2015,강원도,강릉시,성산면,35~39,21,16,5,2022-05-26
2015,강원도,강릉시,성산면,40~44,48,36,12,2022-05-26
2015,강원도,강릉시,성산면,45~49,65,45,20,2022-05-26
2015,강원도,강릉시,성산면,50~54,94,58,36,2022-05-26
2015,강원도,강릉시,성산면,55~59,90,50,40,2022-05-26
2015,강원도,강릉시,성산면,60~64,69,35,34,2022-05-26
2015,강원도,강릉시,성산면,65~69,71,27,44,2022-05-26
2015,강원도,강릉시,성산면,70~74,72,25,47,2022-05-26
2015,강원도,강릉시,성산면,75~79,66,10,56,2022-05-26
2015,강원도,강릉시,성산면,80~84,47,6,41,2022-05-26
2015,강원도,강릉시,성산면,85세 이상,15,2,13,2022-05-26
2020,강원도,강릉시,성산면,20세 미만,0,0,0,2022-05-26
2020,강원도,강릉시,성산면,20~24,7,4,3,2022-05-26
2020,강원도,강릉시,성산면,25~29,35,21,14,2022-05-26
2020,강원도,강릉시,성산면,30~34,20,14,6,2022-05-26
2020,강원도,강릉시,성산면,35~39,13,11,2,2022-05-26
2020,강원도,강릉시,성산면,40~44,21,16,5,2022-05-26
2020,강원도,강릉시,성산면,45~49,48,36,12,2022-05-26
2020,강원도,강릉시,성산면,50~54,65,45,20,2022-05-26
2020,강원도,강릉시,성산면,55~59,94,58,36,2022-05-26
2020,강원도,강릉시,성산면,60~64,90,50,40,2022-05-26
2020,강원도,강릉시,성산면,65~69,69,35,34,2022-05-26
2020,강원도,강릉시,성산면,70~74,71,27,44,2022-05-26
2020,강원도,강릉시,성산면,75~79,72,25,47,2022-05-26
2020,강원도,강릉시,성산면,80~84,66,10,56,2022-05-26
2020,강원도,강릉시,성산면,85세 이상,62,8,54,2022-05-26
2010,강원도,강릉시,왕산면,20세 미만,12,10,2,2022-05-26
2010,강원도,강릉시,왕산면,20~24,8,7,1,2022-05-26
2010,강원도,강릉시,왕산면,25~29,14,12,2,2022-05-26
2010,강원도,강릉시,왕산면,30~34,10,9,1,2022-05-26
2010,강원도,강릉시,왕산면,35~39,19,15,4,2022-05-26
2010,강원도,강릉시,왕산면,40~44,44,29,15,2022-05-26
2010,강원도,강릉시,왕산면,45~49,58,40,18,2022-05-26
2010,강원도,강릉시,왕산면,50~54,91,53,38,2022-05-26
2010,강원도,강릉시,왕산면,55~59,54,32,22,2022-05-26
2010,강원도,강릉시,왕산면,60~64,35,17,18,2022-05-26
2010,강원도,강릉시,왕산면,65~69,40,17,23,2022-05-26
2010,강원도,강릉시,왕산면,70~74,34,6,28,2022-05-26
2010,강원도,강릉시,왕산면,75~79,18,8,10,2022-05-26
2010,강원도,강릉시,왕산면,80~84,5,1,4,2022-05-26
2010,강원도,강릉시,왕산면,85세 이상,1,1,0,2022-05-26
2015,강원도,강릉시,왕산면,20세 미만,12,10,2,2022-05-26
2015,강원도,강릉시,왕산면,20~24,8,7,1,2022-05-26
2015,강원도,강릉시,왕산면,25~29,8,7,1,2022-05-26
2015,강원도,강릉시,왕산면,30~34,14,12,2,2022-05-26
2015,강원도,강릉시,왕산면,35~39,10,9,1,2022-05-26
2015,강원도,강릉시,왕산면,40~44,19,15,4,2022-05-26
2015,강원도,강릉시,왕산면,45~49,44,29,15,2022-05-26
2015,강원도,강릉시,왕산면,50~54,58,40,18,2022-05-26
2015,강원도,강릉시,왕산면,55~59,91,53,38,2022-05-26
2015,강원도,강릉시,왕산면,60~64,54,32,22,2022-05-26
2015,강원도,강릉시,왕산면,65~69,35,17,18,2022-05-26
2015,강원도,강릉시,왕산면,70~74,40,17,23,2022-05-26
2015,강원도,강릉시,왕산면,75~79,34,6,28,2022-05-26
2015,강원도,강릉시,왕산면,80~84,18,8,10,2022-05-26
2015,강원도,강릉시,왕산면,85세 이상,6,2,4,2022-05-26
2020,강원도,강릉시,왕산면,20세 미만,0,0,0,2022-05-26
2020,강원도,강릉시,왕산면,20~24,4,3,1,2022-05-26
2020,강원도,강릉시,왕산면,25~29,8,7,1,2022-05-26
2020,강원도,강릉시,왕산면,30~34,8,7,1,2022-05-26
2020,강원도,강릉시,왕산면,35~39,14,12,2,2022-05-26
2020,강원도,강릉시,왕산면,40~44,10,9,1,2022-05-26
2020,강원도,강릉시,왕산면,45~49,19,15,4,2022-05-26
2020,강원도,강릉시,왕산면,50~54,44,29,15,2022-05-26
2020,강원도,강릉시,왕산면,55~59,58,40,18,2022-05-26
2020,강원도,강릉시,왕산면,60~64,91,53,38,2022-05-26
2020,강원도,강릉시,왕산면,65~69,54,32,22,2022-05-26
2020,강원도,강릉시,왕산면,70~74,35,17,18,2022-05-26
2020,강원도,강릉시,왕산면,75~79,40,17,23,2022-05-26
2020,강원도,강릉시,왕산면,80~84,34,6,28,2022-05-26
2020,강원도,강릉시,왕산면,85세 이상,24,10,14,2022-05-26
2010,강원도,강릉시,구정면,20세 미만,45,33,12,2022-05-26
2010,강원도,강릉시,구정면,20~24,28,20,8,2022-05-26
2010,강원도,강릉시,구정면,25~29,21,8,13,2022-05-26
2010,강원도,강릉시,구정면,30~34,42,34,8,2022-05-26
2010,강원도,강릉시,구정면,35~39,43,32,11,2022-05-26
2010,강원도,강릉시,구정면,40~44,62,35,27,2022-05-26
2010,강원도,강릉시,구정면,45~49,87,64,23,2022-05-26
2010,강원도,강릉시,구정면,50~54,129,79,50,2022-05-26
2010,강원도,강릉시,구정면,55~59,72,41,31,2022-05-26
2010,강원도,강릉시,구정면,60~64,61,28,33,2022-05-26
2010,강원도,강릉시,구정면,65~69,84,27,57,2022-05-26
2010,강원도,강릉시,구정면,70~74,69,14,55,2022-05-26
2010,강원도,강릉시,구정면,75~79,44,8,36,2022-05-26
2010,강원도,강릉시,구정면,80~84,23,1,22,2022-05-26
2010,강원도,강릉시,구정면,85세 이상,6,0,6,2022-05-26
2015,강원도,강릉시,구정면,20세 미만,15,10,5,2022-05-26
2015,강원도,강릉시,구정면,20~24,30,23,7,2022-05-26
2015,강원도,강릉시,구정면,25~29,28,20,8,2022-05-26
2015,강원도,강릉시,구정면,30~34,21,8,13,2022-05-26
2015,강원도,강릉시,구정면,35~39,42,34,8,2022-05-26
2015,강원도,강릉시,구정면,40~44,43,32,11,2022-05-26
2015,강원도,강릉시,구정면,45~49,62,35,27,2022-05-26
2015,강원도,강릉시,구정면,50~54,87,64,23,2022-05-26
2015,강원도,강릉시,구정면,55~59,129,79,50,2022-05-26
2015,강원도,강릉시,구정면,60~64,72,41,31,2022-05-26
2015,강원도,강릉시,구정면,65~69,61,28,33,2022-05-26
2015,강원도,강릉시,구정면,70~74,84,27,57,2022-05-26
2015,강원도,강릉시,구정면,75~79,69,14,55,2022-05-26
2015,강원도,강릉시,구정면,80~84,44,8,36,2022-05-26
2015,강원도,강릉시,구정면,85세 이상,29,1,28,2022-05-26
2020,강원도,강릉시,구정면,20세 미만,0,0,0,2022-05-26
2020,강원도,강릉시,구정면,20~24,15,10,5,2022-05-26
2020,강원도,강릉시,구정면,25~29,30,23,7,2022-05-26
2020,강원도,강릉시,구정면,30~34,28,20,8,2022-05-26
2020,강원도,강릉시,구정면,35~39,21,8,13,2022-05-26
2020,강원도,강릉시,구정면,40~44,42,34,8,2022-05-26
2020,강원도,강릉시,구정면,45~49,43,32,11,2022-05-26
2020,강원도,강릉시,구정면,50~54,62,35,27,2022-05-26
2020,강원도,강릉시,구정면,55~59,87,64,23,2022-05-26
2020,강원도,강릉시,구정면,60~64,129,79,50,2022-05-26
2020,강원도,강릉시,구정면,65~69,72,41,31,2022-05-26
2020,강원도,강릉시,구정면,70~74,61,28,33,2022-05-26
2020,강원도,강릉시,구정면,75~79,84,27,57,2022-05-26
2020,강원도,강릉시,구정면,80~84,69,14,55,2022-05-26
2020,강원도,강릉시,구정면,85세 이상,73,9,64,2022-05-26
2010,강원도,강릉시,강동면,20세 미만,109,80,29,2022-05-26
2010,강원도,강릉시,강동면,20~24,30,25,5,2022-05-26
2010,강원도,강릉시,강동면,25~29,34,30,4,2022-05-26
2010,강원도,강릉시,강동면,30~34,35,33,2,2022-05-26
2010,강원도,강릉시,강동면,35~39,66,53,13,2022-05-26
2010,강원도,강릉시,강동면,40~44,92,67,25,2022-05-26
2010,강원도,강릉시,강동면,45~49,123,82,41,2022-05-26
2010,강원도,강릉시,강동면,50~54,150,95,55,2022-05-26
2010,강원도,강릉시,강동면,55~59,108,45,63,2022-05-26
2010,강원도,강릉시,강동면,60~64,102,39,63,2022-05-26
2010,강원도,강릉시,강동면,65~69,102,30,72,2022-05-26
2010,강원도,강릉시,강동면,70~74,92,19,73,2022-05-26
2010,강원도,강릉시,강동면,75~79,52,9,43,2022-05-26
2010,강원도,강릉시,강동면,80~84,16,4,12,2022-05-26
2010,강원도,강릉시,강동면,85세 이상,6,0,6,2022-05-26
2015,강원도,강릉시,강동면,20세 미만,48,37,11,2022-05-26
2015,강원도,강릉시,강동면,20~24,61,43,18,2022-05-26
2015,강원도,강릉시,강동면,25~29,30,25,5,2022-05-26
2015,강원도,강릉시,강동면,30~34,34,30,4,2022-05-26
2015,강원도,강릉시,강동면,35~39,35,33,2,2022-05-26
2015,강원도,강릉시,강동면,40~44,66,53,13,2022-05-26
2015,강원도,강릉시,강동면,45~49,92,67,25,2022-05-26
2015,강원도,강릉시,강동면,50~54,123,82,41,2022-05-26
2015,강원도,강릉시,강동면,55~59,150,95,55,2022-05-26
2015,강원도,강릉시,강동면,60~64,108,45,63,2022-05-26
2015,강원도,강릉시,강동면,65~69,102,39,63,2022-05-26
2015,강원도,강릉시,강동면,70~74,102,30,72,2022-05-26
2015,강원도,강릉시,강동면,75~79,92,19,73,2022-05-26
2015,강원도,강릉시,강동면,80~84,52,9,43,2022-05-26
2015,강원도,강릉시,강동면,85세 이상,22,4,18,2022-05-26
2020,강원도,강릉시,강동면,20세 미만,13,12,1,2022-05-26
2020,강원도,강릉시,강동면,20~24,35,25,10,2022-05-26
2020,강원도,강릉시,강동면,25~29,61,43,18,2022-05-26
2020,강원도,강릉시,강동면,30~34,30,25,5,2022-05-26
2020,강원도,강릉시,강동면,35~39,34,30,4,2022-05-26
2020,강원도,강릉시,강동면,40~44,35,33,2,2022-05-26
2020,강원도,강릉시,강동면,45~49,66,53,13,2022-05-26
2020,강원도,강릉시,강동면,50~54,92,67,25,2022-05-26
2020,강원도,강릉시,강동면,55~59,123,82,41,2022-05-26
2020,강원도,강릉시,강동면,60~64,150,95,55,2022-05-26
2020,강원도,강릉시,강동면,65~69,108,45,63,2022-05-26
2020,강원도,강릉시,강동면,70~74,102,39,63,2022-05-26
2020,강원도,강릉시,강동면,75~79,102,30,72,2022-05-26
2020,강원도,강릉시,강동면,80~84,92,19,73,2022-05-26
2020,강원도,강릉시,강동면,85세 이상,74,13,61,2022-05-26
2010,강원도,강릉시,옥계면,20세 미만,36,26,10,2022-05-26
2010,강원도,강릉시,옥계면,20~24,24,21,3,2022-05-26
2010,강원도,강릉시,옥계면,25~29,29,24,5,2022-05-26
2010,강원도,강릉시,옥계면,30~34,28,19,9,2022-05-26
2010,강원도,강릉시,옥계면,35~39,44,32,12,2022-05-26
2010,강원도,강릉시,옥계면,40~44,78,60,18,2022-05-26
2010,강원도,강릉시,옥계면,45~49,123,78,45,2022-05-26
2010,강원도,강릉시,옥계면,50~54,131,74,57,2022-05-26
2010,강원도,강릉시,옥계면,55~59,102,48,54,2022-05-26
2010,강원도,강릉시,옥계면,60~64,87,33,54,2022-05-26
2010,강원도,강릉시,옥계면,65~69,101,22,79,2022-05-26
2010,강원도,강릉시,옥계면,70~74,103,14,89,2022-05-26
2010,강원도,강릉시,옥계면,75~79,45,8,37,2022-05-26
2010,강원도,강릉시,옥계면,80~84,11,3,8,2022-05-26
2010,강원도,강릉시,옥계면,85세 이상,5,1,4,2022-05-26
2015,강원도,강릉시,옥계면,20세 미만,36,26,10,2022-05-26
2015,강원도,강릉시,옥계면,20~24,24,18,6,2022-05-26
2015,강원도,강릉시,옥계면,25~29,24,21,3,2022-05-26
2015,강원도,강릉시,옥계면,30~34,29,24,5,2022-05-26
2015,강원도,강릉시,옥계면,35~39,28,19,9,2022-05-26
2015,강원도,강릉시,옥계면,40~44,44,32,12,2022-05-26
2015,강원도,강릉시,옥계면,45~49,78,60,18,2022-05-26
2015,강원도,강릉시,옥계면,50~54,123,78,45,2022-05-26
2015,강원도,강릉시,옥계면,55~59,131,74,57,2022-05-26
2015,강원도,강릉시,옥계면,60~64,102,48,54,2022-05-26
2015,강원도,강릉시,옥계면,65~69,87,33,54,2022-05-26
2015,강원도,강릉시,옥계면,70~74,101,22,79,2022-05-26
2015,강원도,강릉시,옥계면,75~79,103,14,89,2022-05-26
2015,강원도,강릉시,옥계면,80~84,45,8,37,2022-05-26
2015,강원도,강릉시,옥계면,85세 이상,16,4,12,2022-05-26
2020,강원도,강릉시,옥계면,20세 미만,12,8,4,2022-05-26
2020,강원도,강릉시,옥계면,20~24,11,8,3,2022-05-26
2020,강원도,강릉시,옥계면,25~29,24,18,6,2022-05-26
2020,강원도,강릉시,옥계면,30~34,24,21,3,2022-05-26
2020,강원도,강릉시,옥계면,35~39,29,24,5,2022-05-26
2020,강원도,강릉시,옥계면,40~44,28,19,9,2022-05-26
2020,강원도,강릉시,옥계면,45~49,44,32,12,2022-05-26
2020,강원도,강릉시,옥계면,50~54,78,60,18,2022-05-26
2020,강원도,강릉시,옥계면,55~59,123,78,45,2022-05-26
2020,강원도,강릉시,옥계면,60~64,131,74,57,2022-05-26
2020,강원도,강릉시,옥계면,65~69,102,48,54,2022-05-26
2020,강원도,강릉시,옥계면,70~74,87,33,54,2022-05-26
2020,강원도,강릉시,옥계면,75~79,101,22,79,2022-05-26
2020,강원도,강릉시,옥계면,80~84,103,14,89,2022-05-26
2020,강원도,강릉시,옥계면,85세 이상,61,12,49,2022-05-26
2010,강원도,강릉시,사천면,20세 미만,153,81,72,2022-05-26
2010,강원도,강릉시,사천면,20~24,52,32,20,2022-05-26
2010,강원도,강릉시,사천면,25~29,53,30,23,2022-05-26
2010,강원도,강릉시,사천면,30~34,73,47,26,2022-05-26
2010,강원도,강릉시,사천면,35~39,79,53,26,2022-05-26
2010,강원도,강릉시,사천면,40~44,100,65,35,2022-05-26
2010,강원도,강릉시,사천면,45~49,132,74,58,2022-05-26
2010,강원도,강릉시,사천면,50~54,143,72,71,2022-05-26
2010,강원도,강릉시,사천면,55~59,104,45,59,2022-05-26
2010,강원도,강릉시,사천면,60~64,65,23,42,2022-05-26
2010,강원도,강릉시,사천면,65~69,82,31,51,2022-05-26
2010,강원도,강릉시,사천면,70~74,63,13,50,2022-05-26
2010,강원도,강릉시,사천면,75~79,37,4,33,2022-05-26
2010,강원도,강릉시,사천면,80~84,16,2,14,2022-05-26
2010,강원도,강릉시,사천면,85세 이상,8,0,8,2022-05-26
2015,강원도,강릉시,사천면,20세 미만,153,81,72,2022-05-26
2015,강원도,강릉시,사천면,20~24,89,49,40,2022-05-26
2015,강원도,강릉시,사천면,25~29,52,32,20,2022-05-26
2015,강원도,강릉시,사천면,30~34,53,30,23,2022-05-26
2015,강원도,강릉시,사천면,35~39,73,47,26,2022-05-26
2015,강원도,강릉시,사천면,40~44,79,53,26,2022-05-26
2015,강원도,강릉시,사천면,45~49,100,65,35,2022-05-26
2015,강원도,강릉시,사천면,50~54,132,74,58,2022-05-26
2015,강원도,강릉시,사천면,55~59,143,72,71,2022-05-26
2015,강원도,강릉시,사천면,60~64,104,45,59,2022-05-26
2015,강원도,강릉시,사천면,65~69,65,23,42,2022-05-26
2015,강원도,강릉시,사천면,70~74,82,31,51,2022-05-26
2015,강원도,강릉시,사천면,75~79,63,13,50,2022-05-26
2015,강원도,강릉시,사천면,80~84,37,4,33,2022-05-26
2015,강원도,강릉시,사천면,85세 이상,24,2,22,2022-05-26
2020,강원도,강릉시,사천면,20세 미만,1,0,1,2022-05-26
2020,강원도,강릉시,사천면,20~24,63,32,31,2022-05-26
2020,강원도,강릉시,사천면,25~29,89,49,40,2022-05-26
2020,강원도,강릉시,사천면,30~34,52,32,20,2022-05-26
2020,강원도,강릉시,사천면,35~39,53,30,23,2022-05-26
2020,강원도,강릉시,사천면,40~44,73,47,26,2022-05-26
2020,강원도,강릉시,사천면,45~49,79,53,26,2022-05-26
2020,강원도,강릉시,사천면,50~54,100,65,35,2022-05-26
2020,강원도,강릉시,사천면,55~59,132,74,58,2022-05-26
2020,강원도,강릉시,사천면,60~64,143,72,71,2022-05-26
2020,강원도,강릉시,사천면,65~69,104,45,59,2022-05-26
2020,강원도,강릉시,사천면,70~74,65,23,42,2022-05-26
2020,강원도,강릉시,사천면,75~79,82,31,51,2022-05-26
2020,강원도,강릉시,사천면,80~84,63,13,50,2022-05-26
2020,강원도,강릉시,사천면,85세 이상,61,6,55,2022-05-26
2010,강원도,강릉시,연곡면,20세 미만,95,63,32,2022-05-26
2010,강원도,강릉시,연곡면,20~24,69,46,23,2022-05-26
2010,강원도,강릉시,연곡면,25~29,70,41,29,2022-05-26
2010,강원도,강릉시,연곡면,30~34,81,51,30,2022-05-26
2010,강원도,강릉시,연곡면,35~39,119,71,48,2022-05-26
2010,강원도,강릉시,연곡면,40~44,157,94,63,2022-05-26
2010,강원도,강릉시,연곡면,45~49,178,100,78,2022-05-26
2010,강원도,강릉시,연곡면,50~54,216,112,104,2022-05-26
2010,강원도,강릉시,연곡면,55~59,156,78,78,2022-05-26
2010,강원도,강릉시,연곡면,60~64,123,50,73,2022-05-26
2010,강원도,강릉시,연곡면,65~69,102,35,67,2022-05-26
2010,강원도,강릉시,연곡면,70~74,90,20,70,2022-05-26
2010,강원도,강릉시,연곡면,75~79,34,8,26,2022-05-26
2010,강원도,강릉시,연곡면,80~84,22,3,19,2022-05-26
2010,강원도,강릉시,연곡면,85세 이상,2,1,1,2022-05-26
2015,강원도,강릉시,연곡면,20세 미만,30,20,10,2022-05-26
2015,강원도,강릉시,연곡면,20~24,65,43,22,2022-05-26
2015,강원도,강릉시,연곡면,25~29,69,46,23,2022-05-26
2015,강원도,강릉시,연곡면,30~34,70,41,29,2022-05-26
2015,강원도,강릉시,연곡면,35~39,81,51,30,2022-05-26
2015,강원도,강릉시,연곡면,40~44,119,71,48,2022-05-26
2015,강원도,강릉시,연곡면,45~49,157,94,63,2022-05-26
2015,강원도,강릉시,연곡면,50~54,178,100,78,2022-05-26
2015,강원도,강릉시,연곡면,55~59,216,112,104,2022-05-26
2015,강원도,강릉시,연곡면,60~64,156,78,78,2022-05-26
2015,강원도,강릉시,연곡면,65~69,123,50,73,2022-05-26
2015,강원도,강릉시,연곡면,70~74,102,35,67,2022-05-26
2015,강원도,강릉시,연곡면,75~79,90,20,70,2022-05-26
2015,강원도,강릉시,연곡면,80~84,34,8,26,2022-05-26
2015,강원도,강릉시,연곡면,85세 이상,24,4,20,2022-05-26
2020,강원도,강릉시,연곡면,20세 미만,5,3,2,2022-05-26
2020,강원도,강릉시,연곡면,20~24,25,17,8,2022-05-26
2020,강원도,강릉시,연곡면,25~29,65,43,22,2022-05-26
2020,강원도,강릉시,연곡면,30~34,69,46,23,2022-05-26
2020,강원도,강릉시,연곡면,35~39,70,41,29,2022-05-26
2020,강원도,강릉시,연곡면,40~44,81,51,30,2022-05-26
2020,강원도,강릉시,연곡면,45~49,119,71,48,2022-05-26
2020,강원도,강릉시,연곡면,50~54,157,94,63,2022-05-26
2020,강원도,강릉시,연곡면,55~59,178,100,78,2022-05-26
2020,강원도,강릉시,연곡면,60~64,216,112,104,2022-05-26
2020,강원도,강릉시,연곡면,65~69,156,78,78,2022-05-26
2020,강원도,강릉시,연곡면,70~74,123,50,73,2022-05-26
2020,강원도,강릉시,연곡면,75~79,102,35,67,2022-05-26
2020,강원도,강릉시,연곡면,80~84,90,20,70,2022-05-26
2020,강원도,강릉시,연곡면,85세 이상,58,12,46,2022-05-26
2010,강원도,강릉시,홍제동,20세 미만,504,270,234,2022-05-26
2010,강원도,강릉시,홍제동,20~24,188,121,67,2022-05-26
2010,강원도,강릉시,홍제동,25~29,193,133,60,2022-05-26
2010,강원도,강릉시,홍제동,30~34,192,115,77,2022-05-26
2010,강원도,강릉시,홍제동,35~39,241,143,98,2022-05-26
2010,강원도,강릉시,홍제동,40~44,258,137,121,2022-05-26
2010,강원도,강릉시,홍제동,45~49,290,148,142,2022-05-26
2010,강원도,강릉시,홍제동,50~54,340,153,187,2022-05-26
2010,강원도,강릉시,홍제동,55~59,237,102,135,2022-05-26
2010,강원도,강릉시,홍제동,60~64,205,84,121,2022-05-26
2010,강원도,강릉시,홍제동,65~69,173,41,132,2022-05-26
2010,강원도,강릉시,홍제동,70~74,108,18,90,2022-05-26
2010,강원도,강릉시,홍제동,75~79,69,13,56,2022-05-26
2010,강원도,강릉시,홍제동,80~84,26,2,24,2022-05-26
2010,강원도,강릉시,홍제동,85세 이상,3,0,3,2022-05-26
2015,강원도,강릉시,홍제동,20세 미만,223,120,103,2022-05-26
2015,강원도,강릉시,홍제동,20~24,281,150,131,2022-05-26
2015,강원도,강릉시,홍제동,25~29,188,121,67,2022-05-26
2015,강원도,강릉시,홍제동,30~34,193,133,60,2022-05-26
2015,강원도,강릉시,홍제동,35~39,192,115,77,2022-05-26
2015,강원도,강릉시,홍제동,40~44,241,143,98,2022-05-26
2015,강원도,강릉시,홍제동,45~49,258,137,121,2022-05-26
2015,강원도,강릉시,홍제동,50~54,290,148,142,2022-05-26
2015,강원도,강릉시,홍제동,55~59,340,153,187,2022-05-26
2015,강원도,강릉시,홍제동,60~64,237,102,135,2022-05-26
2015,강원도,강릉시,홍제동,65~69,205,84,121,2022-05-26
2015,강원도,강릉시,홍제동,70~74,173,41,132,2022-05-26
2015,강원도,강릉시,홍제동,75~79,108,18,90,2022-05-26
2015,강원도,강릉시,홍제동,80~84,69,13,56,2022-05-26
2015,강원도,강릉시,홍제동,85세 이상,28,26,22,2022-05-26
2020,강원도,강릉시,홍제동,20세 미만,70,44,26,2022-05-26
2020,강원도,강릉시,홍제동,20~24,153,76,77,2022-05-26
2020,강원도,강릉시,홍제동,25~29,281,150,131,2022-05-26
2020,강원도,강릉시,홍제동,30~34,188,121,67,2022-05-26
2020,강원도,강릉시,홍제동,35~39,193,133,60,2022-05-26
2020,강원도,강릉시,홍제동,40~44,192,115,77,2022-05-26
2020,강원도,강릉시,홍제동,45~49,241,143,98,2022-05-26
2020,강원도,강릉시,홍제동,50~54,258,137,121,2022-05-26
2020,강원도,강릉시,홍제동,55~59,290,148,142,2022-05-26
2020,강원도,강릉시,홍제동,60~64,340,153,187,2022-05-26
2020,강원도,강릉시,홍제동,65~69,237,102,135,2022-05-26
2020,강원도,강릉시,홍제동,70~74,205,84,121,2022-05-26
2020,강원도,강릉시,홍제동,75~79,173,41,132,2022-05-26
2020,강원도,강릉시,홍제동,80~84,108,18,90,2022-05-26
2020,강원도,강릉시,홍제동,85세 이상,98,15,83,2022-05-26
2010,강원도,강릉시,중앙동,20세 미만,219,105,114,2022-05-26
2010,강원도,강릉시,중앙동,20~24,76,51,25,2022-05-26
2010,강원도,강릉시,중앙동,25~29,70,42,28,2022-05-26
2010,강원도,강릉시,중앙동,30~34,76,38,38,2022-05-26
2010,강원도,강릉시,중앙동,35~39,130,94,36,2022-05-26
2010,강원도,강릉시,중앙동,40~44,145,93,52,2022-05-26
2010,강원도,강릉시,중앙동,45~49,155,96,59,2022-05-26
2010,강원도,강릉시,중앙동,50~54,189,81,108,2022-05-26
2010,강원도,강릉시,중앙동,55~59,193,88,105,2022-05-26
2010,강원도,강릉시,중앙동,60~64,124,36,88,2022-05-26
2010,강원도,강릉시,중앙동,65~69,112,29,83,2022-05-26
2010,강원도,강릉시,중앙동,70~74,84,14,70,2022-05-26
2010,강원도,강릉시,중앙동,75~79,41,4,37,2022-05-26
2010,강원도,강릉시,중앙동,80~84,23,4,19,2022-05-26
2010,강원도,강릉시,중앙동,85세 이상,9,3,6,2022-05-26
2015,강원도,강릉시,중앙동,20세 미만,90,35,55,2022-05-26
2015,강원도,강릉시,중앙동,20~24,129,70,59,2022-05-26
2015,강원도,강릉시,중앙동,25~29,76,51,25,2022-05-26
2015,강원도,강릉시,중앙동,30~34,70,42,28,2022-05-26
2015,강원도,강릉시,중앙동,35~39,76,38,38,2022-05-26
2015,강원도,강릉시,중앙동,40~44,130,94,36,2022-05-26
2015,강원도,강릉시,중앙동,45~49,145,93,52,2022-05-26
2015,강원도,강릉시,중앙동,50~54,155,96,59,2022-05-26
2015,강원도,강릉시,중앙동,55~59,189,81,108,2022-05-26
2015,강원도,강릉시,중앙동,60~64,193,88,105,2022-05-26
2015,강원도,강릉시,중앙동,65~69,124,36,88,2022-05-26
2015,강원도,강릉시,중앙동,70~74,112,29,83,2022-05-26
2015,강원도,강릉시,중앙동,75~79,84,14,70,2022-05-26
2015,강원도,강릉시,중앙동,80~84,41,4,37,2022-05-26
2015,강원도,강릉시,중앙동,85세 이상,32,7,25,2022-05-26
2020,강원도,강릉시,중앙동,20세 미만,15,7,8,2022-05-26
2020,강원도,강릉시,중앙동,20~24,75,28,47,2022-05-26
2020,강원도,강릉시,중앙동,25~29,129,70,59,2022-05-26
2020,강원도,강릉시,중앙동,30~34,76,51,25,2022-05-26
2020,강원도,강릉시,중앙동,35~39,70,42,28,2022-05-26
2020,강원도,강릉시,중앙동,40~44,76,38,38,2022-05-26
2020,강원도,강릉시,중앙동,45~49,130,94,36,2022-05-26
2020,강원도,강릉시,중앙동,50~54,145,93,52,2022-05-26
2020,강원도,강릉시,중앙동,55~59,155,96,59,2022-05-26
2020,강원도,강릉시,중앙동,60~64,189,81,108,2022-05-26
2020,강원도,강릉시,중앙동,65~69,193,88,105,2022-05-26
2020,강원도,강릉시,중앙동,70~74,124,36,88,2022-05-26
2020,강원도,강릉시,중앙동,75~79,112,29,83,2022-05-26
2020,강원도,강릉시,중앙동,80~84,84,14,70,2022-05-26
2020,강원도,강릉시,중앙동,85세 이상,73,11,62,2022-05-26
2010,강원도,강릉시,옥천동,20세 미만,107,55,52,2022-05-26
2010,강원도,강릉시,옥천동,20~24,39,26,13,2022-05-26
2010,강원도,강릉시,옥천동,25~29,56,41,15,2022-05-26
2010,강원도,강릉시,옥천동,30~34,65,42,23,2022-05-26
2010,강원도,강릉시,옥천동,35~39,93,60,33,2022-05-26
2010,강원도,강릉시,옥천동,40~44,121,69,52,2022-05-26
2010,강원도,강릉시,옥천동,45~49,148,88,60,2022-05-26
2010,강원도,강릉시,옥천동,50~54,170,88,82,2022-05-26
2010,강원도,강릉시,옥천동,55~59,114,58,56,2022-05-26
2010,강원도,강릉시,옥천동,60~64,100,37,63,2022-05-26
2010,강원도,강릉시,옥천동,65~69,86,21,65,2022-05-26
2010,강원도,강릉시,옥천동,70~74,56,14,42,2022-05-26
2010,강원도,강릉시,옥천동,75~79,22,8,14,2022-05-26
2010,강원도,강릉시,옥천동,80~84,7,0,7,2022-05-26
2010,강원도,강릉시,옥천동,85세 이상,1,0,1,2022-05-26
2015,강원도,강릉시,옥천동,20세 미만,47,16,32,2022-05-26
2015,강원도,강릉시,옥천동,20~24,59,39,20,2022-05-26
2015,강원도,강릉시,옥천동,25~29,39,26,13,2022-05-26
2015,강원도,강릉시,옥천동,30~34,56,41,15,2022-05-26
2015,강원도,강릉시,옥천동,35~39,65,42,23,2022-05-26
2015,강원도,강릉시,옥천동,40~44,93,60,33,2022-05-26
2015,강원도,강릉시,옥천동,45~49,121,69,52,2022-05-26
2015,강원도,강릉시,옥천동,50~54,148,88,60,2022-05-26
2015,강원도,강릉시,옥천동,55~59,170,88,82,2022-05-26
2015,강원도,강릉시,옥천동,60~64,114,58,56,2022-05-26
2015,강원도,강릉시,옥천동,65~69,100,37,63,2022-05-26
2015,강원도,강릉시,옥천동,70~74,86,21,65,2022-05-26
2015,강원도,강릉시,옥천동,75~79,56,14,42,2022-05-26
2015,강원도,강릉시,옥천동,80~84,22,8,14,2022-05-26
2015,강원도,강릉시,옥천동,85세 이상,8,0,8,2022-05-26
2020,강원도,강릉시,옥천동,20세 미만,4,1,3,2022-05-26
2020,강원도,강릉시,옥천동,20~24,45,16,29,2022-05-26
2020,강원도,강릉시,옥천동,25~29,59,39,20,2022-05-26
2020,강원도,강릉시,옥천동,30~34,39,26,13,2022-05-26
2020,강원도,강릉시,옥천동,35~39,56,41,15,2022-05-26
2020,강원도,강릉시,옥천동,40~44,65,42,23,2022-05-26
2020,강원도,강릉시,옥천동,45~49,93,60,33,2022-05-26
2020,강원도,강릉시,옥천동,50~54,121,69,52,2022-05-26
2020,강원도,강릉시,옥천동,55~59,148,88,60,2022-05-26
2020,강원도,강릉시,옥천동,60~64,170,88,82,2022-05-26
2020,강원도,강릉시,옥천동,65~69,114,58,56,2022-05-26
2020,강원도,강릉시,옥천동,70~74,100,37,63,2022-05-26
2020,강원도,강릉시,옥천동,75~79,86,21,65,2022-05-26
2020,강원도,강릉시,옥천동,80~84,56,14,42,2022-05-26
2020,강원도,강릉시,옥천동,85세 이상,30,8,22,2022-05-26
2010,강원도,강릉시,교1동,20세 미만,1195,659,536,2022-05-26
2010,강원도,강릉시,교1동,20~24,353,204,149,2022-05-26
2010,강원도,강릉시,교1동,25~29,310,182,128,2022-05-26
2010,강원도,강릉시,교1동,30~34,314,179,135,2022-05-26
2010,강원도,강릉시,교1동,35~39,395,248,147,2022-05-26
2010,강원도,강릉시,교1동,40~44,373,194,179,2022-05-26
2010,강원도,강릉시,교1동,45~49,354,176,178,2022-05-26
2010,강원도,강릉시,교1동,50~54,365,146,219,2022-05-26
2010,강원도,강릉시,교1동,55~59,278,83,195,2022-05-26
2010,강원도,강릉시,교1동,60~64,218,59,159,2022-05-26
2010,강원도,강릉시,교1동,65~69,236,51,185,2022-05-26
2010,강원도,강릉시,교1동,70~74,184,35,149,2022-05-26
2010,강원도,강릉시,교1동,75~79,79,18,61,2022-05-26
2010,강원도,강릉시,교1동,80~84,29,4,25,2022-05-26
2010,강원도,강릉시,교1동,85세 이상,5,0,5,2022-05-26
2015,강원도,강릉시,교1동,20세 미만,588,302,286,2022-05-26
2015,강원도,강릉시,교1동,20~24,607,357,250,2022-05-26
2015,강원도,강릉시,교1동,25~29,353,204,149,2022-05-26
2015,강원도,강릉시,교1동,30~34,310,182,128,2022-05-26
2015,강원도,강릉시,교1동,35~39,314,179,135,2022-05-26
2015,강원도,강릉시,교1동,40~44,395,248,147,2022-05-26
2015,강원도,강릉시,교1동,45~49,373,194,179,2022-05-26
2015,강원도,강릉시,교1동,50~54,354,176,178,2022-05-26
2015,강원도,강릉시,교1동,55~59,365,146,219,2022-05-26
2015,강원도,강릉시,교1동,60~64,278,83,195,2022-05-26
2015,강원도,강릉시,교1동,65~69,218,59,159,2022-05-26
2015,강원도,강릉시,교1동,70~74,236,51,185,2022-05-26
2015,강원도,강릉시,교1동,75~79,184,35,149,2022-05-26
2015,강원도,강릉시,교1동,80~84,79,18,61,2022-05-26
2015,강원도,강릉시,교1동,85세 이상,31,4,27,2022-05-26
2020,강원도,강릉시,교1동,20세 미만,66,18,48,2022-05-26
2020,강원도,강릉시,교1동,20~24,522,284,238,2022-05-26
2020,강원도,강릉시,교1동,25~29,607,357,250,2022-05-26
2020,강원도,강릉시,교1동,30~34,353,204,149,2022-05-26
2020,강원도,강릉시,교1동,35~39,310,182,128,2022-05-26
2020,강원도,강릉시,교1동,40~44,314,179,135,2022-05-26
2020,강원도,강릉시,교1동,45~49,395,248,147,2022-05-26
2020,강원도,강릉시,교1동,50~54,373,194,179,2022-05-26
2020,강원도,강릉시,교1동,55~59,354,176,178,2022-05-26
2020,강원도,강릉시,교1동,60~64,365,146,219,2022-05-26
2020,강원도,강릉시,교1동,65~69,278,83,195,2022-05-26
2020,강원도,강릉시,교1동,70~74,218,59,159,2022-05-26
2020,강원도,강릉시,교1동,75~79,236,51,185,2022-05-26
2020,강원도,강릉시,교1동,80~84,184,35,149,2022-05-26
2020,강원도,강릉시,교1동,85세 이상,113,22,91,2022-05-26
2010,강원도,강릉시,교2동,20세 미만,244,116,128,2022-05-26
2010,강원도,강릉시,교2동,20~24,87,65,22,2022-05-26
2010,강원도,강릉시,교2동,25~29,94,52,42,2022-05-26
2010,강원도,강릉시,교2동,30~34,80,51,29,2022-05-26
2010,강원도,강릉시,교2동,35~39,110,80,30,2022-05-26
2010,강원도,강릉시,교2동,40~44,180,119,61,2022-05-26
2010,강원도,강릉시,교2동,45~49,157,84,73,2022-05-26
2010,강원도,강릉시,교2동,50~54,197,101,96,2022-05-26
2010,강원도,강릉시,교2동,55~59,165,75,90,2022-05-26
2010,강원도,강릉시,교2동,60~64,100,36,64,2022-05-26
2010,강원도,강릉시,교2동,65~69,119,22,97,2022-05-26
2010,강원도,강릉시,교2동,70~74,77,17,60,2022-05-26
2010,강원도,강릉시,교2동,75~79,36,7,29,2022-05-26
2010,강원도,강릉시,교2동,80~84,9,0,9,2022-05-26
2010,강원도,강릉시,교2동,85세 이상,2,0,2,2022-05-26
2015,강원도,강릉시,교2동,20세 미만,99,34,65,2022-05-26
2015,강원도,강릉시,교2동,20~24,148,82,66,2022-05-26
2015,강원도,강릉시,교2동,25~29,87,65,22,2022-05-26
2015,강원도,강릉시,교2동,30~34,94,52,42,2022-05-26
2015,강원도,강릉시,교2동,35~39,80,51,29,2022-05-26
2015,강원도,강릉시,교2동,40~44,110,80,30,2022-05-26
2015,강원도,강릉시,교2동,45~49,180,119,61,2022-05-26
2015,강원도,강릉시,교2동,50~54,157,84,73,2022-05-26
2015,강원도,강릉시,교2동,55~59,197,101,96,2022-05-26
2015,강원도,강릉시,교2동,60~64,165,75,90,2022-05-26
2015,강원도,강릉시,교2동,65~69,100,36,64,2022-05-26
2015,강원도,강릉시,교2동,70~74,119,22,97,2022-05-26
2015,강원도,강릉시,교2동,75~79,77,17,60,2022-05-26
2015,강원도,강릉시,교2동,80~84,36,7,29,2022-05-26
2015,강원도,강릉시,교2동,85세 이상,12,0,12,2022-05-26
2020,강원도,강릉시,교2동,20세 미만,18,7,11,2022-05-26
2020,강원도,강릉시,교2동,20~24,78,27,51,2022-05-26
2020,강원도,강릉시,교2동,25~29,148,82,66,2022-05-26
2020,강원도,강릉시,교2동,30~34,87,65,22,2022-05-26
2020,강원도,강릉시,교2동,35~39,94,52,42,2022-05-26
2020,강원도,강릉시,교2동,40~44,80,51,29,2022-05-26
2020,강원도,강릉시,교2동,45~49,110,80,30,2022-05-26
2020,강원도,강릉시,교2동,50~54,180,119,61,2022-05-26
2020,강원도,강릉시,교2동,55~59,157,84,73,2022-05-26
2020,강원도,강릉시,교2동,60~64,197,101,96,2022-05-26
2020,강원도,강릉시,교2동,65~69,165,75,90,2022-05-26
2020,강원도,강릉시,교2동,70~74,100,36,64,2022-05-26
2020,강원도,강릉시,교2동,75~79,119,22,97,2022-05-26
2020,강원도,강릉시,교2동,80~84,77,17,60,2022-05-26
2020,강원도,강릉시,교2동,85세 이상,48,7,41,2022-05-26
2010,강원도,강릉시,포남1동,20세 미만,297,165,132,2022-05-26
2010,강원도,강릉시,포남1동,20~24,109,74,35,2022-05-26
2010,강원도,강릉시,포남1동,25~29,122,90,32,2022-05-26
2010,강원도,강릉시,포남1동,30~34,158,102,56,2022-05-26
2010,강원도,강릉시,포남1동,35~39,224,149,75,2022-05-26
2010,강원도,강릉시,포남1동,40~44,249,144,105,2022-05-26
2010,강원도,강릉시,포남1동,45~49,274,137,137,2022-05-26
2010,강원도,강릉시,포남1동,50~54,321,139,182,2022-05-26
2010,강원도,강릉시,포남1동,55~59,232,89,143,2022-05-26
2010,강원도,강릉시,포남1동,60~64,164,43,121,2022-05-26
2010,강원도,강릉시,포남1동,65~69,170,40,130,2022-05-26
2010,강원도,강릉시,포남1동,70~74,122,24,98,2022-05-26
2010,강원도,강릉시,포남1동,75~79,40,8,32,2022-05-26
2010,강원도,강릉시,포남1동,80~84,18,3,15,2022-05-26
2010,강원도,강릉시,포남1동,85세 이상,2,1,1,2022-05-26
2015,강원도,강릉시,포남1동,20세 미만,110,45,65,2022-05-26
2015,강원도,강릉시,포남1동,20~24,189,122,67,2022-05-26
2015,강원도,강릉시,포남1동,25~29,109,74,35,2022-05-26
2015,강원도,강릉시,포남1동,30~34,122,90,32,2022-05-26
2015,강원도,강릉시,포남1동,35~39,158,102,56,2022-05-26
2015,강원도,강릉시,포남1동,40~44,224,149,75,2022-05-26
2015,강원도,강릉시,포남1동,45~49,249,144,105,2022-05-26
2015,강원도,강릉시,포남1동,50~54,274,137,137,2022-05-26
2015,강원도,강릉시,포남1동,55~59,321,139,182,2022-05-26
2015,강원도,강릉시,포남1동,60~64,232,89,143,2022-05-26
2015,강원도,강릉시,포남1동,65~69,164,43,121,2022-05-26
2015,강원도,강릉시,포남1동,70~74,170,40,130,2022-05-26
2015,강원도,강릉시,포남1동,75~79,122,24,98,2022-05-26
2015,강원도,강릉시,포남1동,80~84,40,8,32,2022-05-26
2015,강원도,강릉시,포남1동,85세 이상,20,4,16,2022-05-26
2020,강원도,강릉시,포남1동,20세 미만,20,9,11,2022-05-26
2020,강원도,강릉시,포남1동,20~24,96,39,57,2022-05-26
2020,강원도,강릉시,포남1동,25~29,189,122,67,2022-05-26
2020,강원도,강릉시,포남1동,30~34,109,74,35,2022-05-26
2020,강원도,강릉시,포남1동,35~39,122,90,32,2022-05-26
2020,강원도,강릉시,포남1동,40~44,158,102,56,2022-05-26
2020,강원도,강릉시,포남1동,45~49,224,149,75,2022-05-26
2020,강원도,강릉시,포남1동,50~54,249,144,105,2022-05-26
2020,강원도,강릉시,포남1동,55~59,274,137,137,2022-05-26
2020,강원도,강릉시,포남1동,60~64,321,139,182,2022-05-26
2020,강원도,강릉시,포남1동,65~69,232,89,143,2022-05-26
2020,강원도,강릉시,포남1동,70~74,164,43,121,2022-05-26
2020,강원도,강릉시,포남1동,75~79,170,40,130,2022-05-26
2020,강원도,강릉시,포남1동,80~84,122,24,98,2022-05-26
2020,강원도,강릉시,포남1동,85세 이상,60,12,48,2022-05-26
2010,강원도,강릉시,포남2동,20세 미만,395,179,216,2022-05-26
2010,강원도,강릉시,포남2동,20~24,162,107,55,2022-05-26
2010,강원도,강릉시,포남2동,25~29,162,94,68,2022-05-26
2010,강원도,강릉시,포남2동,30~34,175,108,67,2022-05-26
2010,강원도,강릉시,포남2동,35~39,255,163,92,2022-05-26
2010,강원도,강릉시,포남2동,40~44,309,183,126,2022-05-26
2010,강원도,강릉시,포남2동,45~49,375,184,191,2022-05-26
2010,강원도,강릉시,포남2동,50~54,371,152,219,2022-05-26
2010,강원도,강릉시,포남2동,55~59,287,107,180,2022-05-26
2010,강원도,강릉시,포남2동,60~64,192,60,132,2022-05-26
2010,강원도,강릉시,포남2동,65~69,163,32,131,2022-05-26
2010,강원도,강릉시,포남2동,70~74,126,20,106,2022-05-26
2010,강원도,강릉시,포남2동,75~79,65,11,54,2022-05-26
2010,강원도,강릉시,포남2동,80~84,36,6,30,2022-05-26
2010,강원도,강릉시,포남2동,85세 이상,4,0,4,2022-05-26
2015,강원도,강릉시,포남2동,20세 미만,159,57,102,2022-05-26
2015,강원도,강릉시,포남2동,20~24,237,123,114,2022-05-26
2015,강원도,강릉시,포남2동,25~29,162,107,55,2022-05-26
2015,강원도,강릉시,포남2동,30~34,162,94,68,2022-05-26
2015,강원도,강릉시,포남2동,35~39,175,108,67,2022-05-26
2015,강원도,강릉시,포남2동,40~44,255,163,92,2022-05-26
2015,강원도,강릉시,포남2동,45~49,309,183,126,2022-05-26
2015,강원도,강릉시,포남2동,50~54,375,184,191,2022-05-26
2015,강원도,강릉시,포남2동,55~59,371,152,219,2022-05-26
2015,강원도,강릉시,포남2동,60~64,287,107,180,2022-05-26
2015,강원도,강릉시,포남2동,65~69,192,60,132,2022-05-26
2015,강원도,강릉시,포남2동,70~74,163,32,131,2022-05-26
2015,강원도,강릉시,포남2동,75~79,126,20,106,2022-05-26
2015,강원도,강릉시,포남2동,80~84,65,11,54,2022-05-26
2015,강원도,강릉시,포남2동,85세 이상,40,6,34,2022-05-26
2020,강원도,강릉시,포남2동,20세 미만,20,7,13,2022-05-26
2020,강원도,강릉시,포남2동,20~24,139,50,89,2022-05-26
2020,강원도,강릉시,포남2동,25~29,237,123,114,2022-05-26
2020,강원도,강릉시,포남2동,30~34,162,107,55,2022-05-26
2020,강원도,강릉시,포남2동,35~39,162,94,68,2022-05-26
2020,강원도,강릉시,포남2동,40~44,175,108,67,2022-05-26
2020,강원도,강릉시,포남2동,45~49,255,163,92,2022-05-26
2020,강원도,강릉시,포남2동,50~54,309,183,126,2022-05-26
2020,강원도,강릉시,포남2동,55~59,375,184,191,2022-05-26
2020,강원도,강릉시,포남2동,60~64,371,152,219,2022-05-26
2020,강원도,강릉시,포남2동,65~69,287,107,180,2022-05-26
2020,강원도,강릉시,포남2동,70~74,192,60,132,2022-05-26
2020,강원도,강릉시,포남2동,75~79,163,32,131,2022-05-26
2020,강원도,강릉시,포남2동,80~84,126,20,106,2022-05-26
2020,강원도,강릉시,포남2동,85세 이상,105,17,88,2022-05-26
2010,강원도,강릉시,초당동,20세 미만,142,78,64,2022-05-26
2010,강원도,강릉시,초당동,20~24,85,56,29,2022-05-26
2010,강원도,강릉시,초당동,25~29,71,41,30,2022-05-26
2010,강원도,강릉시,초당동,30~34,70,37,33,2022-05-26
2010,강원도,강릉시,초당동,35~39,90,51,39,2022-05-26
2010,강원도,강릉시,초당동,40~44,101,46,55,2022-05-26
2010,강원도,강릉시,초당동,45~49,116,54,62,2022-05-26
2010,강원도,강릉시,초당동,50~54,113,49,64,2022-05-26
2010,강원도,강릉시,초당동,55~59,69,24,45,2022-05-26
2010,강원도,강릉시,초당동,60~64,56,14,42,2022-05-26
2010,강원도,강릉시,초당동,65~69,65,16,49,2022-05-26
2010,강원도,강릉시,초당동,70~74,43,12,31,2022-05-26
2010,강원도,강릉시,초당동,75~79,20,4,16,2022-05-26
2010,강원도,강릉시,초당동,80~84,8,2,6,2022-05-26
2010,강원도,강릉시,초당동,85세 이상,1,0,1,2022-05-26
2015,강원도,강릉시,초당동,20세 미만,53,23,30,2022-05-26
2015,강원도,강릉시,초당동,20~24,92,56,36,2022-05-26
2015,강원도,강릉시,초당동,25~29,85,56,29,2022-05-26
2015,강원도,강릉시,초당동,30~34,71,41,30,2022-05-26
2015,강원도,강릉시,초당동,35~39,70,37,33,2022-05-26
2015,강원도,강릉시,초당동,40~44,90,51,39,2022-05-26
2015,강원도,강릉시,초당동,45~49,101,46,55,2022-05-26
2015,강원도,강릉시,초당동,50~54,116,54,62,2022-05-26
2015,강원도,강릉시,초당동,55~59,113,49,64,2022-05-26
2015,강원도,강릉시,초당동,60~64,69,24,45,2022-05-26
2015,강원도,강릉시,초당동,65~69,56,14,42,2022-05-26
2015,강원도,강릉시,초당동,70~74,65,16,49,2022-05-26
2015,강원도,강릉시,초당동,75~79,43,12,31,2022-05-26
2015,강원도,강릉시,초당동,80~84,20,4,16,2022-05-26
2015,강원도,강릉시,초당동,85세 이상,9,2,7,2022-05-26
2020,강원도,강릉시,초당동,20세 미만,12,5,7,2022-05-26
2020,강원도,강릉시,초당동,20~24,41,18,23,2022-05-26
2020,강원도,강릉시,초당동,25~29,92,56,36,2022-05-26
2020,강원도,강릉시,초당동,30~34,85,56,29,2022-05-26
2020,강원도,강릉시,초당동,35~39,71,41,30,2022-05-26
2020,강원도,강릉시,초당동,40~44,70,37,33,2022-05-26
2020,강원도,강릉시,초당동,45~49,90,51,39,2022-05-26
2020,강원도,강릉시,초당동,50~54,101,46,55,2022-05-26
2020,강원도,강릉시,초당동,55~59,116,54,62,2022-05-26
2020,강원도,강릉시,초당동,60~64,113,49,64,2022-05-26
2020,강원도,강릉시,초당동,65~69,69,24,45,2022-05-26
2020,강원도,강릉시,초당동,70~74,56,14,42,2022-05-26
2020,강원도,강릉시,초당동,75~79,65,16,49,2022-05-26
2020,강원도,강릉시,초당동,80~84,43,12,31,2022-05-26
2020,강원도,강릉시,초당동,85세 이상,29,6,23,2022-05-26
2010,강원도,강릉시,송정동,20세 미만,112,58,54,2022-05-26
2010,강원도,강릉시,송정동,20~24,48,35,13,2022-05-26
2010,강원도,강릉시,송정동,25~29,98,58,40,2022-05-26
2010,강원도,강릉시,송정동,30~34,71,44,27,2022-05-26
2010,강원도,강릉시,송정동,35~39,103,57,46,2022-05-26
2010,강원도,강릉시,송정동,40~44,93,43,50,2022-05-26
2010,강원도,강릉시,송정동,45~49,150,62,88,2022-05-26
2010,강원도,강릉시,송정동,50~54,141,49,92,2022-05-26
2010,강원도,강릉시,송정동,55~59,100,45,55,2022-05-26
2010,강원도,강릉시,송정동,60~64,90,25,65,2022-05-26
2010,강원도,강릉시,송정동,65~69,56,7,49,2022-05-26
2010,강원도,강릉시,송정동,70~74,53,13,40,2022-05-26
2010,강원도,강릉시,송정동,75~79,21,8,13,2022-05-26
2010,강원도,강릉시,송정동,80~84,11,0,11,2022-05-26
2010,강원도,강릉시,송정동,85세 이상,1,0,1,2022-05-26
2015,강원도,강릉시,송정동,20세 미만,32,15,17,2022-05-26
2015,강원도,강릉시,송정동,20~24,80,43,37,2022-05-26
2015,강원도,강릉시,송정동,25~29,48,35,13,2022-05-26
2015,강원도,강릉시,송정동,30~34,98,58,40,2022-05-26
2015,강원도,강릉시,송정동,35~39,71,44,27,2022-05-26
2015,강원도,강릉시,송정동,40~44,103,57,46,2022-05-26
2015,강원도,강릉시,송정동,45~49,93,43,50,2022-05-26
2015,강원도,강릉시,송정동,50~54,150,62,88,2022-05-26
2015,강원도,강릉시,송정동,55~59,141,49,92,2022-05-26
2015,강원도,강릉시,송정동,60~64,100,45,55,2022-05-26
2015,강원도,강릉시,송정동,65~69,90,25,65,2022-05-26
2015,강원도,강릉시,송정동,70~74,56,7,49,2022-05-26
2015,강원도,강릉시,송정동,75~79,53,13,40,2022-05-26
2015,강원도,강릉시,송정동,80~84,21,8,13,2022-05-26
2015,강원도,강릉시,송정동,85세 이상,12,0,12,2022-05-26
2020,강원도,강릉시,송정동,20세 미만,4,1,3,2022-05-26
2020,강원도,강릉시,송정동,20~24,28,14,14,2022-05-26
2020,강원도,강릉시,송정동,25~29,80,43,37,2022-05-26
2020,강원도,강릉시,송정동,30~34,48,35,13,2022-05-26
2020,강원도,강릉시,송정동,35~39,98,58,40,2022-05-26
2020,강원도,강릉시,송정동,40~44,71,44,27,2022-05-26
2020,강원도,강릉시,송정동,45~49,103,57,46,2022-05-26
2020,강원도,강릉시,송정동,50~54,93,43,50,2022-05-26
2020,강원도,강릉시,송정동,55~59,150,62,88,2022-05-26
2020,강원도,강릉시,송정동,60~64,141,49,92,2022-05-26
2020,강원도,강릉시,송정동,65~69,100,45,55,2022-05-26
2020,강원도,강릉시,송정동,70~74,90,25,65,2022-05-26
2020,강원도,강릉시,송정동,75~79,56,7,49,2022-05-26
2020,강원도,강릉시,송정동,80~84,53,13,40,2022-05-26
2020,강원도,강릉시,송정동,85세 이상,33,8,25,2022-05-26
2010,강원도,강릉시,내곡동,20세 미만,1022,614,408,2022-05-26
2010,강원도,강릉시,내곡동,20~24,175,122,53,2022-05-26
2010,강원도,강릉시,내곡동,25~29,182,122,60,2022-05-26
2010,강원도,강릉시,내곡동,30~34,192,124,68,2022-05-26
2010,강원도,강릉시,내곡동,35~39,222,142,80,2022-05-26
2010,강원도,강릉시,내곡동,40~44,245,138,107,2022-05-26
2010,강원도,강릉시,내곡동,45~49,245,125,120,2022-05-26
2010,강원도,강릉시,내곡동,50~54,273,126,147,2022-05-26
2010,강원도,강릉시,내곡동,55~59,220,91,129,2022-05-26
2010,강원도,강릉시,내곡동,60~64,159,62,97,2022-05-26
2010,강원도,강릉시,내곡동,65~69,142,37,105,2022-05-26
2010,강원도,강릉시,내곡동,70~74,107,21,86,2022-05-26
2010,강원도,강릉시,내곡동,75~79,52,11,41,2022-05-26
2010,강원도,강릉시,내곡동,80~84,15,2,13,2022-05-26
2010,강원도,강릉시,내곡동,85세 이상,2,0,2,2022-05-26
2015,강원도,강릉시,내곡동,20세 미만,712,395,317,2022-05-26
2015,강원도,강릉시,내곡동,20~24,311,220,91,2022-05-26
2015,강원도,강릉시,내곡동,25~29,175,122,53,2022-05-26
2015,강원도,강릉시,내곡동,30~34,182,122,60,2022-05-26
2015,강원도,강릉시,내곡동,35~39,192,124,68,2022-05-26
2015,강원도,강릉시,내곡동,40~44,222,142,80,2022-05-26
2015,강원도,강릉시,내곡동,45~49,245,138,107,2022-05-26
2015,강원도,강릉시,내곡동,50~54,245,125,120,2022-05-26
2015,강원도,강릉시,내곡동,55~59,273,126,147,2022-05-26
2015,강원도,강릉시,내곡동,60~64,220,91,129,2022-05-26
2015,강원도,강릉시,내곡동,65~69,159,62,97,2022-05-26
2015,강원도,강릉시,내곡동,70~74,142,37,105,2022-05-26
2015,강원도,강릉시,내곡동,75~79,107,21,86,2022-05-26
2015,강원도,강릉시,내곡동,80~84,52,11,41,2022-05-26
2015,강원도,강릉시,내곡동,85세 이상,17,2,15,2022-05-26
2020,강원도,강릉시,내곡동,20세 미만,133,56,77,2022-05-26
2020,강원도,강릉시,내곡동,20~24,579,339,240,2022-05-26
2020,강원도,강릉시,내곡동,25~29,311,220,91,2022-05-26
2020,강원도,강릉시,내곡동,30~34,175,122,53,2022-05-26
2020,강원도,강릉시,내곡동,35~39,182,122,60,2022-05-26
2020,강원도,강릉시,내곡동,40~44,192,124,68,2022-05-26
2020,강원도,강릉시,내곡동,45~49,222,142,80,2022-05-26
2020,강원도,강릉시,내곡동,50~54,245,138,107,2022-05-26
2020,강원도,강릉시,내곡동,55~59,245,125,120,2022-05-26
2020,강원도,강릉시,내곡동,60~64,273,126,147,2022-05-26
2020,강원도,강릉시,내곡동,65~69,220,91,129,2022-05-26
2020,강원도,강릉시,내곡동,70~74,159,62,97,2022-05-26
2020,강원도,강릉시,내곡동,75~79,142,37,105,2022-05-26
2020,강원도,강릉시,내곡동,80~84,107,21,86,2022-05-26
2020,강원도,강릉시,내곡동,85세 이상,69,13,56,2022-05-26
2010,강원도,강릉시,강남동,20세 미만,297,202,95,2022-05-26
2010,강원도,강릉시,강남동,20~24,118,82,36,2022-05-26
2010,강원도,강릉시,강남동,25~29,142,96,46,2022-05-26
2010,강원도,강릉시,강남동,30~34,172,118,54,2022-05-26
2010,강원도,강릉시,강남동,35~39,200,137,63,2022-05-26
2010,강원도,강릉시,강남동,40~44,272,169,103,2022-05-26
2010,강원도,강릉시,강남동,45~49,389,217,172,2022-05-26
2010,강원도,강릉시,강남동,50~54,393,192,201,2022-05-26
2010,강원도,강릉시,강남동,55~59,303,120,183,2022-05-26
2010,강원도,강릉시,강남동,60~64,265,82,183,2022-05-26
2010,강원도,강릉시,강남동,65~69,330,83,247,2022-05-26
2010,강원도,강릉시,강남동,70~74,220,52,168,2022-05-26
2010,강원도,강릉시,강남동,75~79,124,22,102,2022-05-26
2010,강원도,강릉시,강남동,80~84,47,7,40,2022-05-26
2010,강원도,강릉시,강남동,85세 이상,7,1,6,2022-05-26
2015,강원도,강릉시,강남동,20세 미만,132,88,44,2022-05-26
2015,강원도,강릉시,강남동,20~24,165,114,51,2022-05-26
2015,강원도,강릉시,강남동,25~29,118,82,36,2022-05-26
2015,강원도,강릉시,강남동,30~34,142,96,46,2022-05-26
2015,강원도,강릉시,강남동,35~39,172,118,54,2022-05-26
2015,강원도,강릉시,강남동,40~44,200,137,63,2022-05-26
2015,강원도,강릉시,강남동,45~49,272,169,103,2022-05-26
2015,강원도,강릉시,강남동,50~54,389,217,172,2022-05-26
2015,강원도,강릉시,강남동,55~59,393,192,201,2022-05-26
2015,강원도,강릉시,강남동,60~64,303,120,183,2022-05-26
2015,강원도,강릉시,강남동,65~69,265,82,183,2022-05-26
2015,강원도,강릉시,강남동,70~74,330,83,247,2022-05-26
2015,강원도,강릉시,강남동,75~79,220,52,168,2022-05-26
2015,강원도,강릉시,강남동,80~84,124,22,102,2022-05-26
2015,강원도,강릉시,강남동,85세 이상,54,8,46,2022-05-26
2020,강원도,강릉시,강남동,20세 미만,13,9,4,2022-05-26
2020,강원도,강릉시,강남동,20~24,119,79,40,2022-05-26
2020,강원도,강릉시,강남동,25~29,165,114,51,2022-05-26
2020,강원도,강릉시,강남동,30~34,118,82,36,2022-05-26
2020,강원도,강릉시,강남동,35~39,142,96,46,2022-05-26
2020,강원도,강릉시,강남동,40~44,172,118,54,2022-05-26
2020,강원도,강릉시,강남동,45~49,200,137,63,2022-05-26
2020,강원도,강릉시,강남동,50~54,272,169,103,2022-05-26
2020,강원도,강릉시,강남동,55~59,389,217,172,2022-05-26
2020,강원도,강릉시,강남동,60~64,393,192,201,2022-05-26
2020,강원도,강릉시,강남동,65~69,303,120,183,2022-05-26
2020,강원도,강릉시,강남동,70~74,265,82,183,2022-05-26
2020,강원도,강릉시,강남동,75~79,330,83,247,2022-05-26
2020,강원도,강릉시,강남동,80~84,220,52,168,2022-05-26
2020,강원도,강릉시,강남동,85세 이상,178,30,148,2022-05-26
2010,강원도,강릉시,성덕동,20세 미만,514,316,198,2022-05-26
2010,강원도,강릉시,성덕동,20~24,223,145,78,2022-05-26
2010,강원도,강릉시,성덕동,25~29,212,136,76,2022-05-26
2010,강원도,강릉시,성덕동,30~34,219,142,77,2022-05-26
2010,강원도,강릉시,성덕동,35~39,288,180,108,2022-05-26
2010,강원도,강릉시,성덕동,40~44,368,199,169,2022-05-26
2010,강원도,강릉시,성덕동,45~49,432,192,240,2022-05-26
2010,강원도,강릉시,성덕동,50~54,483,219,264,2022-05-26
2010,강원도,강릉시,성덕동,55~59,343,141,202,2022-05-26
2010,강원도,강릉시,성덕동,60~64,287,83,204,2022-05-26
2010,강원도,강릉시,성덕동,65~69,309,76,233,2022-05-26
2010,강원도,강릉시,성덕동,70~74,216,42,174,2022-05-26
2010,강원도,강릉시,성덕동,75~79,116,14,102,2022-05-26
2010,강원도,강릉시,성덕동,80~84,39,7,32,2022-05-26
2010,강원도,강릉시,성덕동,85세 이상,7,0,7,2022-05-26
2015,강원도,강릉시,성덕동,20세 미만,251,141,110,2022-05-26
2015,강원도,강릉시,성덕동,20~24,269,179,90,2022-05-26
2015,강원도,강릉시,성덕동,25~29,223,145,78,2022-05-26
2015,강원도,강릉시,성덕동,30~34,212,136,76,2022-05-26
2015,강원도,강릉시,성덕동,35~39,219,142,77,2022-05-26
2015,강원도,강릉시,성덕동,40~44,288,180,108,2022-05-26
2015,강원도,강릉시,성덕동,45~49,368,199,169,2022-05-26
2015,강원도,강릉시,성덕동,50~54,432,192,240,2022-05-26
2015,강원도,강릉시,성덕동,55~59,483,219,264,2022-05-26
2015,강원도,강릉시,성덕동,60~64,343,141,202,2022-05-26
2015,강원도,강릉시,성덕동,65~69,287,83,204,2022-05-26
2015,강원도,강릉시,성덕동,70~74,309,76,233,2022-05-26
2015,강원도,강릉시,성덕동,75~79,216,42,174,2022-05-26
2015,강원도,강릉시,성덕동,80~84,116,14,102,2022-05-26
2015,강원도,강릉시,성덕동,85세 이상,46,7,39,2022-05-26
2020,강원도,강릉시,성덕동,20세 미만,46,28,18,2022-05-26
2020,강원도,강릉시,성덕동,20~24,206,113,93,2022-05-26
2020,강원도,강릉시,성덕동,25~29,269,179,90,2022-05-26
2020,강원도,강릉시,성덕동,30~34,223,145,78,2022-05-26
2020,강원도,강릉시,성덕동,35~39,212,136,76,2022-05-26
2020,강원도,강릉시,성덕동,40~44,219,142,77,2022-05-26
2020,강원도,강릉시,성덕동,45~49,288,180,108,2022-05-26
2020,강원도,강릉시,성덕동,50~54,368,199,169,2022-05-26
2020,강원도,강릉시,성덕동,55~59,432,192,240,2022-05-26
2020,강원도,강릉시,성덕동,60~64,483,219,264,2022-05-26
2020,강원도,강릉시,성덕동,65~69,343,141,202,2022-05-26
2020,강원도,강릉시,성덕동,70~74,287,83,204,2022-05-26
2020,강원도,강릉시,성덕동,75~79,309,76,233,2022-05-26
2020,강원도,강릉시,성덕동,80~84,216,42,174,2022-05-26
2020,강원도,강릉시,성덕동,85세 이상,162,21,141,2022-05-26
2010,강원도,강릉시,경포동,20세 미만,798,477,321,2022-05-26
2010,강원도,강릉시,경포동,20~24,143,104,39,2022-05-26
2010,강원도,강릉시,경포동,25~29,124,80,44,2022-05-26
2010,강원도,강릉시,경포동,30~34,139,98,41,2022-05-26
2010,강원도,강릉시,경포동,35~39,136,75,61,2022-05-26
2010,강원도,강릉시,경포동,40~44,150,86,64,2022-05-26
2010,강원도,강릉시,경포동,45~49,176,96,80,2022-05-26
2010,강원도,강릉시,경포동,50~54,150,76,74,2022-05-26
2010,강원도,강릉시,경포동,55~59,108,52,56,2022-05-26
2010,강원도,강릉시,경포동,60~64,64,27,37,2022-05-26
2010,강원도,강릉시,경포동,65~69,66,24,42,2022-05-26
2010,강원도,강릉시,경포동,70~74,55,12,43,2022-05-26
2010,강원도,강릉시,경포동,75~79,27,5,22,2022-05-26
2010,강원도,강릉시,경포동,80~84,8,1,7,2022-05-26
2010,강원도,강릉시,경포동,85세 이상,2,0,2,2022-05-26
2015,강원도,강릉시,경포동,20세 미만,484,258,226,2022-05-26
2015,강원도,강릉시,경포동,20~24,315,219,96,2022-05-26
2015,강원도,강릉시,경포동,25~29,143,104,39,2022-05-26
2015,강원도,강릉시,경포동,30~34,124,80,44,2022-05-26
2015,강원도,강릉시,경포동,35~39,139,98,41,2022-05-26
2015,강원도,강릉시,경포동,40~44,136,75,61,2022-05-26
2015,강원도,강릉시,경포동,45~49,150,86,64,2022-05-26
2015,강원도,강릉시,경포동,50~54,176,96,80,2022-05-26
2015,강원도,강릉시,경포동,55~59,150,76,74,2022-05-26
2015,강원도,강릉시,경포동,60~64,108,52,56,2022-05-26
2015,강원도,강릉시,경포동,65~69,64,27,37,2022-05-26
2015,강원도,강릉시,경포동,70~74,66,24,42,2022-05-26
2015,강원도,강릉시,경포동,75~79,55,12,43,2022-05-26
2015,강원도,강릉시,경포동,80~84,27,5,22,2022-05-26
2015,강원도,강릉시,경포동,85세 이상,10,1,9,2022-05-26
2020,강원도,강릉시,경포동,20세 미만,80,28,52,2022-05-26
2020,강원도,강릉시,경포동,20~24,404,230,174,2022-05-26
2020,강원도,강릉시,경포동,25~29,315,219,96,2022-05-26
2020,강원도,강릉시,경포동,30~34,143,104,39,2022-05-26
2020,강원도,강릉시,경포동,35~39,124,80,44,2022-05-26
2020,강원도,강릉시,경포동,40~44,139,98,41,2022-05-26
2020,강원도,강릉시,경포동,45~49,136,75,61,2022-05-26
2020,강원도,강릉시,경포동,50~54,150,86,64,2022-05-26
2020,강원도,강릉시,경포동,55~59,176,96,80,2022-05-26
2020,강원도,강릉시,경포동,60~64,150,76,74,2022-05-26
2020,강원도,강릉시,경포동,65~69,108,52,56,2022-05-26
2020,강원도,강릉시,경포동,70~74,64,27,37,2022-05-26
2020,강원도,강릉시,경포동,75~79,66,24,42,2022-05-26
2020,강원도,강릉시,경포동,80~84,55,12,43,2022-05-26
2020,강원도,강릉시,경포동,85세 이상,37,6,31,2022-05-26
